insta_min,snap,watsapp,X
1314,11,61,65
506,13,68,43
1390,18,65,84
70,10,65,57
481,18,98,33
1154,13,105,99
864,13,88,65
18,12,104,84
701,14,69,57
694,11,65,78
203,15,114,74
1241,14,111,35
945,18,67,78
166,18,78,76
1187,13,105,38
98,20,74,67
168,13,115,42
783,14,89,76
338,15,82,56
1377,14,104,39
1252,20,70,98
506,12,89,78
557,20,104,58
1407,15,113,37
474,10,111,70
826,14,64,57
1166,15,73,93
815,20,89,48
547,12,75,98
543,19,87,81
746,13,68,95
1015,11,108,36
229,12,100,50
1398,16,98,38
793,16,98,89
