,Date,Instagram_Minutes,YouTube_Minutes,WhatsApp_Minutes,LinkedIn_Minutes,Reels_Watched,Videos_Watched,Messages_Sent,Posts_Liked,Study_Minutes,Total_Screen_Time,Screen_Hours,Digital_Balance,Day_Type
0,2026-08-23,74,65,131,14,49,11,217,25,11,10877,181.28333333333333,0.0010113082651466397,Normal
1,2026-08-24,169,153,50,4,158,36,171,32,47,10877,181.28333333333333,0.004321044405626551,Heavy
2,2026-08-25,159,128,169,66,174,22,588,116,260,10877,181.28333333333333,0.02390364990346603,Heavy
3,2026-08-26,167,101,146,51,179,39,251,40,279,10877,181.28333333333333,0.025650455088719316,Heavy
4,2026-08-27,65,39,177,34,66,8,294,24,268,10877,181.28333333333333,0.024639146823572676,Heavy
5,2026-08-28,42,69,91,3,43,23,205,24,199,10877,181.28333333333333,0.018295485887652844,Normal
6,2026-08-29,102,60,176,0,72,20,550,47,96,10877,181.28333333333333,0.008825963041279765,Heavy
7,2026-08-30,106,168,178,4,66,38,349,33,172,10877,181.28333333333333,0.015813183782292912,Heavy
8,2026-08-31,105,50,60,6,146,17,113,85,71,10877,181.28333333333333,0.006527535165946493,Normal
9,2026-09-01,81,26,129,26,51,9,415,20,311,10877,181.28333333333333,0.028592442769145906,Normal
10,2026-09-02,86,33,49,29,57,6,147,16,347,10877,181.28333333333333,0.031902178909625815,Normal
11,2026-09-03,44,151,101,58,47,38,321,22,195,10877,181.28333333333333,0.01792773742759952,Heavy
12,2026-09-04,104,87,139,43,116,14,352,23,134,10877,181.28333333333333,0.012319573411786338,Heavy
13,2026-09-05,165,221,84,18,153,79,263,61,76,10877,181.28333333333333,0.006987220741013147,Heavy
14,2026-09-06,137,265,162,15,127,58,431,62,22,10877,181.28333333333333,0.0020226165302932794,Heavy
15,2026-09-07,64,209,101,40,62,86,247,23,102,10877,181.28333333333333,0.00937758573135975,Heavy
16,2026-09-08,157,76,121,31,107,18,330,46,109,10877,181.28333333333333,0.010021145536453066,Heavy
17,2026-09-09,171,16,94,8,170,6,314,104,203,10877,181.28333333333333,0.01866323434770617,Normal
18,2026-09-10,88,67,68,6,68,15,204,41,339,10877,181.28333333333333,0.03116668198951917,Normal
19,2026-09-11,96,87,93,44,102,15,309,33,238,10877,181.28333333333333,0.02188103337317275,Heavy
20,2026-09-12,143,177,58,11,126,56,146,27,174,10877,181.28333333333333,0.015997058012319574,Heavy
21,2026-09-13,136,81,121,22,138,21,210,69,119,10877,181.28333333333333,0.010940516686586375,Heavy
22,2026-09-14,149,132,35,70,100,29,91,26,353,10877,181.28333333333333,0.0324538015997058,Heavy
23,2026-09-15,115,59,118,46,71,13,182,22,201,10877,181.28333333333333,0.01847936011767951,Heavy
24,2026-09-16,80,205,149,41,50,51,334,34,279,10877,181.28333333333333,0.025650455088719316,Heavy
25,2026-09-17,164,18,114,66,206,7,342,72,277,10877,181.28333333333333,0.025466580858692654,Heavy
26,2026-09-18,33,92,50,63,40,37,117,20,199,10877,181.28333333333333,0.018295485887652844,Normal
27,2026-09-19,197,237,71,16,158,48,225,102,165,10877,181.28333333333333,0.015169623977199596,Heavy
28,2026-09-20,197,70,99,30,258,18,278,140,41,10877,181.28333333333333,0.0037694217155465662,Heavy
29,2026-09-21,43,103,157,37,45,16,480,19,203,10877,181.28333333333333,0.01866323434770617,Heavy
