Student_ID,Branch,Python_Score,SQL_Score,Aptitude_Score,Communication_Score,Projects_Completed,Mock_Interviews_Attended
S0001,IT,72,54,65,11,2,5
S0002,CSE,74,65,30,74,5,2
S0003,CSE,51,72,22,20,3,2
S0004,CSE,78,85,63,51,4,1
S0005,MECH,60,65,82,27,3,6
S0006,CSE,75,60,65,45,3,0
S0007,CSE,67,59,50,88,1,1
S0008,IT,58,64,63,34,2,3
S0009,ECE,51,38,56,43,1,4
S0010,CSE,50,67,53,38,4,3
S0011,IT,82,82,65,67,3,5
S0012,CSE,92,81,92,79,2,0
S0013,IT,69,66,53,43,4,1
S0014,IT,73,83,44,53,3,1
S0015,MECH,64,52,45,30,2,3
S0016,IT,55,63,59,46,2,3
S0017,CSE,63,78,62,56,2,3
S0018,MECH,67,61,66,26,1,4
S0019,CSE,58,75,47,52,3,3
S0020,CSE,71,67,50,35,4,2
S0021,CSE,59,46,44,33,4,3
S0022,ECE,21,32,31,16,1,1
S0023,ECE,45,46,71,60,4,0
S0024,CSE,57,66,58,27,3,2
S0025,CSE,44,48,86,44,4,1
S0026,CSE,69,51,21,47,0,4
S0027,CSE,93,100,71,71,5,2
S0028,CSE,69,74,56,38,3,5
S0029,CSE,61,35,24,26,0,0
S0030,MECH,65,74,70,87,3,5
S0031,ECE,55,67,51,60,2,3
S0032,ECE,23,54,27,15,1,0
S0033,IT,37,35,15,52,4,4
S0034,CSE,35,47,57,5,1,2
S0035,ECE,58,63,69,53,2,3
S0036,IT,52,77,67,36,3,7
S0037,ECE,74,80,50,72,4,6
S0038,CSE,67,69,40,27,3,5
S0039,IT,76,81,84,77,5,4
S0040,ECE,68,97,60,48,2,5
S0041,CSE,81,100,78,53,2,6
S0042,CSE,76,88,72,46,2,2
S0043,ECE,68,60,70,76,4,4
S0044,ECE,53,57,70,63,4,4
S0045,ECE,72,86,83,38,6,4
S0046,ECE,51,81,52,51,2,4
S0047,IT,70,53,49,39,2,3
S0048,IT,61,66,63,32,3,5
S0049,CSE,43,63,45,2,1,4
S0050,CSE,30,44,37,20,2,1
S0051,ECE,60,67,73,64,3,4
S0052,IT,72,77,62,64,2,3
S0053,MECH,92,80,78,61,4,6
S0054,ECE,89,63,51,53,3,2
S0055,MECH,18,56,44,27,2,0
S0056,CSE,98,82,83,55,2,6
S0057,ECE,37,33,34,0,2,2
S0058,CSE,97,95,73,66,4,3
S0059,IT,77,80,60,49,3,5
S0060,CSE,54,51,70,41,3,3
S0061,CSE,25,53,61,19,3,0
S0062,CSE,75,67,75,70,3,1
S0063,IT,75,86,62,43,4,3
S0064,CSE,58,44,30,42,3,5
S0065,CSE,37,25,41,24,2,2
S0066,CSE,59,55,78,62,1,3
S0067,IT,58,74,62,36,4,4
S0068,CSE,55,47,49,13,1,4
S0069,ECE,52,52,50,53,3,6
S0070,CSE,57,54,74,56,5,5
S0071,CSE,68,63,57,65,5,5
S0072,IT,66,31,29,10,3,5
S0073,IT,88,86,72,76,1,7
S0074,IT,79,70,92,45,5,2
S0075,ECE,48,43,59,16,4,4
S0076,ECE,81,80,67,61,2,7
S0077,CSE,63,65,39,34,3,5
S0078,ECE,73,47,61,49,5,6
S0079,IT,71,59,46,65,2,8
S0080,CSE,71,60,66,63,2,2
S0081,IT,77,59,69,43,4,6
S0082,MECH,70,83,87,90,3,2
S0083,ECE,55,58,52,21,2,0
S0084,IT,75,40,74,40,3,0
S0085,CSE,60,62,45,20,4,5
S0086,ECE,45,38,28,27,3,0
S0087,CSE,53,41,62,50,2,4
S0088,IT,62,81,69,53,3,2
S0089,CSE,67,81,56,55,2,4
S0090,IT,86,83,87,88,4,5
S0091,IT,58,56,90,33,2,0
S0092,IT,85,73,75,66,4,2
S0093,IT,43,33,40,42,2,0
S0094,ECE,35,36,33,36,1,1
S0095,IT,81,76,84,83,5,5
S0096,IT,72,62,63,65,3,3
S0097,CSE,81,60,50,55,2,2
S0098,ECE,35,33,37,8,0,2
S0099,ECE,68,31,69,56,1,6
S0100,IT,68,69,49,49,3,4
S0101,ECE,54,53,58,53,3,4
S0102,ECE,64,79,72,44,4,7
S0103,CSE,100,96,83,57,3,8
S0104,CSE,77,48,62,40,3,3
S0105,MECH,52,46,51,11,2,5
S0106,IT,65,42,53,16,0,5
S0107,CSE,80,76,77,65,4,6
S0108,ECE,74,76,68,53,6,3
S0109,CSE,90,70,58,75,2,6
S0110,CSE,100,97,98,72,6,8
S0111,CSE,96,95,61,60,2,2
S0112,ECE,54,43,36,31,3,0
S0113,IT,63,67,67,33,1,4
S0114,IT,71,47,52,24,1,1
S0115,ECE,96,99,87,58,3,7
S0116,CSE,99,97,92,89,4,2
S0117,CSE,76,73,39,32,2,0
S0118,MECH,51,49,42,28,2,0
S0119,CSE,58,54,40,48,1,2
S0120,IT,70,89,45,49,4,0
